	Peak_area	p_succes	GWAS_init	bg_1	bg_2	bg_3	bg_4	bg_5	P_gwas	P_ss1	FOLD1	P_ss2	FOLD2	P_ss3	FOLD3	P_ss4	FOLD4	P_ss5	FOLD5	MEAN
A_Cardiomyocyte	55867941	0.018321467822868642	30	20	14	20	18	14	8.040620831298949e-05	0.03056545432703364	2.703191065314184	0.1068346415451799	4.215753542726803	0.03056545432703364	2.703191065314184	0.058420297484312884	3.3197584911131295	0.1068346415451799	4.215753542726803	1.9400336380107568
Acinar	47245979	0.015493960731583567	28	17	14	19	16	12	2.8275792990716728e-05	0.0379969172991662	3.2026614791049384	0.09096027272242131	4.368816086607063	0.01574809642432901	2.523106289204906	0.054148198585546585	3.5916991361270187	0.11526444963933025	4.847663662965318	2.090007519042319
Adipocyte	32264319	0.010580838881913858	25	11	10	12	9	9	1.0247126856136731e-06	0.07742770010368824	5.390494340704715	0.10424516023476971	6.0995304058757345	0.05264770396507622	4.6842652581760325	0.12742501150028562	6.693969516469131	0.12742501150028562	6.693969516469131	3.3304413249883513
Airway_Goblet	6043939	0.00198206398750011	2	1	5	4	5	1	0.25405583506307555	0.33097893283500834	1.239215454625884	0.015201214970462026	0.3272997765489228	0.04970250244903857	0.4564750690731146	0.015201214970462026	0.3272997765489228	0.33097893283500834	1.239215454625884	0.4445099329608555
Alpha_1	32653547	0.010708483254520314	25	6	6	15	9	7	1.2555409891241056e-06	0.11326489844024171	6.238651053829686	0.11326489844024171	6.238651053829686	0.011281821472279099	3.0299374365884333	0.12860598729316292	6.625027475528958	0.1345123613740289	6.773316174990822	3.254805362594144
Alpha_2	12854203	0.004215438450705058	13	2	5	8	5	3	2.7679942203971762e-05	0.2038243649143201	6.598443803162605	0.11811344654969987	4.913044723761908	0.012080226583284347	2.376440690681185	0.11811344654969987	4.913044723761908	0.22203912500473297	6.973746323359069	2.91611850104601
Alveolar_Cap_Endo	14120741	0.00463078998860119	17	6	5	10	11	2	1.86572360706034e-07	0.08174754569693778	6.187582793607834	0.1370972520859681	7.797655708580456	0.0026228563643948015	2.6069604201656444	0.0008475124068092734	2.190583548174953	0.17823990713529947	8.98424184289713	3.120647982379832
Alveolar_Type_1	26638643	0.008735941075211364	23	6	5	12	11	7	4.7154672528408134e-07	0.15415700873519383	7.790873330592036	0.13647963398947374	7.314417969654712	0.021844671040071144	3.809627650560865	0.03898359450538097	4.489669944302217	0.14905508303444517	7.653118861059213	3.489341193193157
Alveolar_Type_2	38493317	0.012623591565885389	28	14	10	14	15	9	8.002067303722858e-07	0.04721211472842084	4.598072084979164	0.12558578813004442	6.7662543584416035	0.04721211472842084	4.598072084979164	0.030582710614637704	4.025553705769831	0.12840409433538097	6.8394136158013765	3.017683395308847
Alveolar_Type_2__Immune	15679837	0.005142083705274286	16	6	6	9	8	2	3.2550606786013987e-06	0.10327749250801879	5.565387982611859	0.10327749250801879	5.565387982611859	0.012767173141509122	2.897421032898235	0.02902220503347513	3.569602191074589	0.14781112235806168	6.609042433429092	2.722191068407411
Astrocyte_1	5330268	0.0017480209920259348	4	1	3	3	2	0	0.03601686820345392	0.34990216063541757	3.165186642816404	0.106709994124549	1.4853896098797104	0.106709994124549	1.4853896098797104	0.23681138971247426	2.307384944463438	0.25816609138771573	2.454501086254391	1.2895832625158823
Astrocyte_2	231364	7.587407027171774e-05	0	0	0	0	0	0	0.9429625051183234	0.9429625051183234	1.0	0.9429625051183234	1.0	0.9429625051183234	1.0	0.9429625051183234	1.0	0.9429625051183234	1.0	0.9746500022748106
BBB_Endothelial	143933	4.7201736469023486e-05	0	0	0	0	0	0	0.9641243428876408	0.9641243428876408	1.0	0.9641243428876408	1.0	0.9641243428876408	1.0	0.9641243428876408	1.0	0.9641243428876408	1.0	0.9840552635056182
Beta_1	34256462	0.01123414708013532	24	9	10	18	11	8	8.19744267588848e-06	0.13182235866627973	5.779839187299734	0.11457692409387144	5.405788345549045	0.0020177637543180704	1.887227038685812	0.09041583103390576	4.873096722538045	0.13631893110214133	5.8771250628447635	2.6851562007668486
Beta_2	18190907	0.005965570080151978	15	3	5	13	8	5	6.573398396546583e-05	0.16212226737292285	5.292882671874378	0.17332404906041818	5.494657481460807	0.0006626892881482979	1.3157023744039642	0.050507287688046014	3.225406315057476	0.17332404906041818	5.494657481460807	2.357902711039385
Cardiac_Fibroblast	65214494	0.021386599040864245	38	31	18	20	16	13	1.9402110422122026e-06	0.00042660187253832705	1.6950117513845522	0.08893648270687117	5.435381147262303	0.06380081664310713	4.779347746859319	0.0993059233418789	5.694924756628768	0.07282537007181457	5.020712112952489	2.550027345316789
Cardiac_Pericyte_1	27798952	0.009116455617676511	18	8	6	9	10	6	0.00023684222880751552	0.13200105272521526	4.12263778425613	0.14825250013809455	4.373401352743468	0.10336346531183783	3.6783884918719782	0.07274981643911427	3.1854177485279944	0.14825250013809455	4.373401352743468	2.245096112463353
Cardiac_Pericyte_2	9633536	0.003159245117775983	10	4	4	6	5	2	0.00017710312498587266	0.1292911909980658	4.222920525853785	0.1292911909980658	4.222920525853785	0.025631842250853708	2.357796756537864	0.06310259139933797	3.1266011117683847	0.2595155756361451	6.4041303635764955	2.3124344982083023
Cardiac_Pericyte_3	5865260	0.0019234675636741032	6	1	2	6	5	1	0.0033807906216498525	0.33610689384347764	5.218297566043758	0.25035019922065904	4.108360241550892	0.0033807906216498525	1.0	0.0136874379315576	1.325863127036351	0.33610689384347764	5.218297566043758	1.9415937580324558
Cardiac_Pericyte_4	1669843	0.0005476123559617571	0	0	1	2	4	1	0.6544447850740888	0.6544447850740888	1.0	0.2775396913296613	0.3307621538545296	0.05877406488364801	0.1495977035749701	0.0008751820831702082	0.0602135103696036	0.2775396913296613	0.3307621538545296	0.27622935014219707
Chief	34701193	0.011379993240929616	25	9	11	14	15	10	3.4538971067571983e-06	0.13225033272475353	6.216333424089692	0.09310737872543026	5.297387367679016	0.028769575856271597	3.544097843870055	0.016779089921864762	3.0766073615732417	0.11645839957770057	5.84870413888287	2.693138286686238
Cilliated	2319987	0.0007608221532627013	1	0	2	2	1	1	0.32697275851064705	0.5548261400968476	1.89760230307901	0.09622208557412197	0.47750209440153785	0.09622208557412197	0.47750209440153785	0.32697275851064705	1.0	0.32697275851064705	1.0	0.6332217977835137
Club	5759685	0.0018888450425863946	2	1	3	4	4	1	0.24797112665757415	0.33902692896885556	1.2891506345448196	0.12075763035184771	0.6596323969521612	0.04404801989996424	0.4465826046605327	0.04404801989996424	0.4465826046605327	0.33902692896885556	1.2891506345448196	0.5198866082759442
Colon_Epithelial_1	51462540	0.016876749953843664	38	17	13	15	17	16	7.064627312589642e-09	0.05608030978581474	6.514528869169166	0.1108577286601612	8.532894077006064	0.0899718454364783	7.793252128846053	0.05608030978581474	6.514528869169166	0.07326714534067454	7.180845137639064	4.096247345672516
Colon_Epithelial_2	9377923	0.003075418771739588	7	0	4	7	6	1	0.007875122198485083	0.09217724539715587	2.0318629570742397	0.12387179822540217	2.319381236520145	0.007875122198485083	1.0	0.023267630860586707	1.2880731592652828	0.22009320904258142	3.2001277088903346	1.1349503135641177
Colon_Epithelial_3	3886278	0.0012744754156542534	0	0	3	4	2	1	0.3726658499025061	0.3726658499025061	1.0	0.059615891228297246	0.3500466401454201	0.014663638335912083	0.2337714913159295	0.18154349085022542	0.5785009819026686	0.3680830939550657	0.9876196864337248	0.4193161015741382
Colon_Goblet	22265329	0.007301745894646163	16	3	6	9	7	3	0.0001713003876591061	0.1053835010190329	3.85400751231159	0.15954793615261711	4.724877720968902	0.056842658196972005	3.0243027133565694	0.12875491835820316	4.230609552683311	0.1053835010190329	3.85400751231159	2.2375926694843096
Cortical_Epithelial	7784073	0.002552727744170142	8	1	5	6	4	1	0.0007841165894376223	0.2739520053400522	5.522814221429197	0.034697113066712845	2.1275640138249665	0.011381067058337557	1.5976912072437992	0.08803554739512166	2.942761266689572	0.2739520053400522	5.522814221429197	2.013523407052995
Delta_and_Gamma	15567277	0.005105170506376512	14	2	4	13	8	4	4.714121691461755e-05	0.14993021235410042	5.250020968357265	0.19581490394227316	6.109684681750193	0.00016900948970838392	1.147003507730712	0.028186582457275188	2.791430728405924	0.19581490394227316	6.109684681750193	2.425312218647313
Ductal	16967085	0.005564226930707491	16	5	7	10	9	3	8.33863006807546e-06	0.16689294900568638	6.531833112996728	0.07347379093426058	4.479275630032796	0.008034702585910148	2.4242635289341847	0.018770691641544438	2.9417012849624724	0.17958360737315007	6.81061879962891	2.6075061276766616
Endocardial	6100165	0.0020005028780582675	2	0	3	5	6	1	0.25513953125052874	0.21226069320341526	0.8812887183697237	0.13160811140378884	0.6735671227624619	0.01569695743730953	0.32880353442336085	0.0040327326198196616	0.2477539696920636	0.32932097836774604	1.229780474134703	0.42687251102344187
Endothelial_Exocrine	2109087	0.000691659096692512	0	0	2	3	2	0	0.585359339908285	0.585359339908285	1.0	0.08388767790121596	0.21608942941955162	0.014941245415656924	0.12739689197068438	0.08388767790121596	0.21608942941955162	0.585359339908285	1.0	0.36973907688179575
Endothelial_General_1	43628356	0.014307588687019234	41	15	15	16	16	14	1.7229925284289132e-12	0.05477175561801973	9.32560048402509	0.05477175561801973	9.32560048402509	0.03771407744820551	8.263958858688085	0.03771407744820551	8.263958858688085	0.0744747913078951	10.428912714256855	5.090300677945058
Endothelial_General_2	17072148	0.005598681545275693	15	6	8	11	8	2	3.356895238837753e-05	0.12094010230876356	4.876735913707352	0.040326175562024474	3.208563265721775	0.003254674993171054	1.7986234895125233	0.040326175562024474	3.208563265721775	0.12293846699840726	4.914865668089826	2.023799677318764
Endothelial_General_3	8387698	0.002750681987992714	6	0	3	8	8	1	0.015296689559122422	0.11860443735163873	1.9606916356314257	0.19160081366598983	2.5298158314772112	0.001224163090861356	0.6233867984455244	0.001224163090861356	0.6233867984455244	0.2532086477544045	3.043314700818849	1.0253170613800724
Endothelial_Myocardial	28351490	0.009297656267041989	25	11	8	15	12	7	1.0678965333160673e-07	0.05020607435731535	5.365791371782705	0.13431267800846536	7.995878908800202	0.003997710252027991	2.906973443659209	0.02995917520505872	4.576046886182761	0.14927302558558198	8.439846607889276	3.2891199785961427
Enteric_Neuron	1199536	0.000393378739810235	0	0	1	0	0	0	0.7374661815480329	0.7374661815480329	1.0	0.2246284863450138	0.20393325891415945	0.7374661815480329	1.0	0.7374661815480329	1.0	0.7374661815480329	1.0	0.7378844766559192
Enterochromaffin	1720381	0.0005641859100297714	0	0	1	3	1	0	0.6460986195319068	0.6460986195319068	1.0	0.28229754522276335	0.3453552511906011	0.008947203211174782	0.09261339198778874	0.28229754522276335	0.3453552511906011	0.6460986195319068	1.0	0.44477386750639997
Enterocyte	37157338	0.012185467378338756	25	12	8	15	11	10	1.0367645620981365e-05	0.08319678125853698	4.615566228561184	0.12495330366227211	5.518192528531713	0.025211427607437272	3.118313230925403	0.10607094850071207	5.115252164428716	0.12380238143717955	5.493749771737807	2.693456887265825
Esophageal_Epithelial	82763264	0.027141585158679513	49	22	23	18	20	21	4.7230946462332186e-08	0.08394717742624996	6.808378133205052	0.07657405951549859	6.564793465947844	0.07506791040830343	6.514429362384019	0.08776282911554072	6.932759478074533	0.08791201498183278	6.937602256150496	3.787253278864791
Fasciculata	11429134	0.0037480978728794386	10	2	5	7	6	1	0.000622935628556295	0.23147633691469136	5.044201614999463	0.09415492295758164	3.1238464778329704	0.018739794343882756	1.8558890341980137	0.04540042110619925	2.386969295246196	0.15918983898716058	4.016562407131536	1.8605504229781116
Fibro_Epithelial	30617527	0.010040785926696527	22	12	8	12	6	5	1.2995807599371297e-05	0.04255334400627511	3.56379316348308	0.13984289659967	5.719133711394937	0.04255334400627511	3.56379316348308	0.12923229078901735	5.498579229384994	0.09941354203646269	4.873746972711167	2.6255653682098536
Fibro_General	62685182	0.020557130340344287	44	26	22	22	16	14	2.1089409119027558e-09	0.005089194696555214	3.7830824141299435	0.029659724954731504	5.678589391515273	0.029659724954731504	5.678589391515273	0.10023368111427514	8.684739136697958	0.09466791074698198	8.474271589983648	3.61705477395698
Fibro_GI	27237229	0.008932242817174963	25	13	9	12	12	5	5.166096649580463e-08	0.012956347559565354	3.8605405349278863	0.09916008194080955	7.26024231233281	0.024525270003477824	4.5249005865481084	0.024525270003477824	4.5249005865481084	0.13097194505707374	8.254030553733989	3.1893107934550824
Fibro_Liver_Adrenal	4785039	0.0015692172738148975	2	1	2	4	3	1	0.21914094678757087	0.36075214128164457	1.4889108938726099	0.21914094678757087	1.0	0.0268499945373924	0.4196391159624524	0.08863080566610611	0.6264413530761124	0.36075214128164457	1.4889108938726099	0.6354751272284999
Fibro_Muscle	13975491	0.004583156351963827	11	1	5	8	7	1	0.0007845286023088384	0.10180268568772223	3.1296751041807642	0.13506991878152608	3.5717086356774184	0.017773843384171525	1.7742875820502984	0.04026394128665144	2.225953312262604	0.10180268568772223	3.1296751041807642	1.5695789030546579
Fibro_Nerve	17437611	0.0057185323662491926	17	6	4	11	8	1	2.9449737232066598e-06	0.12518748905491905	6.128855400425564	0.19174084668418498	7.710904042359465	0.003747607060368838	2.2796199092739027	0.043559206848645164	4.06410253844038	0.05257133355820132	4.323560074506537	2.7554067732396947
Follicular	72190070	0.023674186321554876	53	22	19	21	19	19	1.0362253306066844e-11	0.060259061729983826	9.003891122167738	0.09110457677019379	10.557395626489622	0.07260554346402126	9.643770294966663	0.09110457677019379	10.557395626489622	0.09110457677019379	10.557395626489622	5.629529730041985
Foveolar	8579018	0.0028134239319614605	8	0	4	7	9	2	0.0013972273102289734	0.11296704691301043	3.0143480149550146	0.10621055613731284	2.9314419783176744	0.005165387829147395	1.2482997060929524	0.00033551510720871797	0.821674253793212	0.2690046224122483	5.006193262885605	1.4891859219478196
GABA_1	8564421	0.0028086369564434186	7	1	5	8	3	1	0.005123007486937985	0.2471857799669674	3.773580930904556	0.045925355376767035	1.711931935515502	0.0013833990250790853	0.801130787775869	0.1950308091373979	3.2264902196857856	0.2471857799669674	3.773580930904556	1.5306933498102755
GABA_2	10342039	0.003391593306818889	6	1	6	8	6	2	0.03280581587905535	0.18994111622607973	2.0572334561979613	0.03280581587905535	1.0	0.003996481865355769	0.6187864106605571	0.03280581587905535	1.0	0.2498317944853312	2.463756136020895	0.828801767887579
Gastric_Neuroendocrine	6048322	0.001983501359130964	7	0	3	7	4	1	0.0008464460737567926	0.21507797681340388	4.603509179658639	0.1299770846682759	3.467199599739721	0.0008464460737567926	1.0	0.04979158599788943	2.358226012264841	0.33085041576962126	6.395927057579761	2.0373697090836114
Glomerulosa	10796629	0.0035406726519409486	9	3	4	9	6	1	0.001520476465618917	0.2218081448677431	4.308751231865328	0.15191409685466792	3.443320714596796	0.001520476465618917	1.0	0.03785700791499698	1.9819340552452653	0.17663613207448267	3.7427862173420796	1.6494133258176928
Glutamatergic_1	23667640	0.0077616231588566835	11	13	9	12	12	6	0.022464417485955148	0.005122985636933977	0.7197212361971969	0.06909712654403892	1.4204635948342115	0.011173133461097856	0.8445966348894721	0.011173133461097856	0.8445966348894721	0.16124845848165864	2.080120664516142	0.684687846363821
Glutamatergic_2	21051824	0.006903786127158218	12	7	8	8	7	4	0.005293896015183783	0.118276470245516	2.45520499992543	0.07883148994206161	2.063105272110232	0.07883148994206161	2.063105272110232	0.118276470245516	2.45520499992543	0.162574099411699	2.8851365845030306	1.3733634086795214
Hepatocyte	29244968	0.00959066560539296	24	10	9	14	12	8	6.397860025155973e-07	0.08379733565137742	5.752357955797943	0.11311879006870354	6.544313458694379	0.010367606658558863	3.1214524980338503	0.034701018654257315	4.243436623747304	0.13725066804929317	7.181529462005414	3.015392009078856
Keratinocyte_1	28539726	0.009359386836584644	17	6	7	13	13	5	0.0007950323035174686	0.14379637849880145	3.680151588086797	0.14905357518812326	3.7495756590098996	0.017129262610931773	1.7549018189293273	0.017129262610931773	1.7549018189293273	0.1187521797851634	3.34963749389914	1.621248073227738
Keratinocyte_2	2007642	0.0006583909778031671	1	0	1	3	2	0	0.3062836709381788	0.6006382454407002	2.3211666234305453	0.3062836709381788	1.0	0.01322236643975063	0.27352886025762013	0.07799077618552387	0.4638052459215202	0.6006382454407002	2.3211666234305453	0.8197558235604872
Luteal	21117388	0.006925287344042846	14	10	6	11	7	3	0.0008375216293179235	0.025168673560530604	1.9241621117466374	0.15538910933116457	3.805444316590427	0.012190369677113858	1.6076442522687209	0.11888844095412995	3.326992997713059	0.12043778416915996	3.347344758676819	1.6020549045696924
Lymphatic	20115325	0.006596668377917224	24	8	10	10	10	4	7.737878818033813e-10	0.06941629045363652	7.864544253296671	0.019929994411774024	5.3580808765373344	0.019929994411774024	5.3580808765373344	0.019929994411774024	5.3580808765373344	0.1719494830582885	11.91654263300097	4.009674331355917
Macrophage_Gen_or_Alv	56416617	0.01850140195860456	75	13	18	17	19	11	1.0534731340857822e-30	0.10400591945795973	30.497606466515673	0.060642519880692844	24.627683199892846	0.07649603231031626	26.85276009549576	0.04548418202321718	22.335512853317272	0.07853680628770136	27.130645694676986	14.633929761155608
Macrophage_General	53874637	0.0176677788834965	69	11	16	15	18	11	2.1406252388318838e-27	0.09039538487405957	25.549038423759576	0.08283611955079291	24.653305757025567	0.0970899745110271	26.33173867047679	0.0502470462091129	20.532508817404086	0.09039538487405957	25.549038423759576	13.65957762417451
Mammary_Basal_Epi	32814222	0.010761175403000233	32	13	9	12	15	6	1.8635595139727129e-10	0.0357850820387834	6.727283622636159	0.12904784826661445	10.9414283174577	0.05612183216093065	7.778323127251171	0.011662672666919878	5.03292318594772	0.11197479545389288	10.23226860969306	4.5578926679482406
Mammary_Epithelial	38683263	0.012685882916967803	29	14	13	13	16	9	2.8961812340247595e-07	0.048212373790437045	4.965042747539538	0.06902978836297673	5.631679635723539	0.06902978836297673	5.631679635723539	0.01913080942599039	3.805098729877245	0.1278963393835521	7.320420607486336	3.071000897987299
Mammary_Luminal_Epi_1	28055908	0.00920072239038419	24	9	10	12	10	5	3.1740103952007895e-07	0.1052143640613218	6.645082071595151	0.07474337693519176	5.769028986552526	0.02846355706693743	4.204144487993424	0.07474337693519176	5.769028986552526	0.12331052438275136	7.148946852627424	3.3152769134045696
Mammary_Luminal_Epi_2	9868433	0.0032362778086207807	9	1	4	7	4	2	0.0008552526361359618	0.20444443193377596	4.44995011151263	0.1341454460103463	3.5165302027449012	0.009942500928427833	1.5320344065792275	0.1341454460103463	3.5165302027449012	0.2565537442493717	5.19260866026869	2.0824934134498716
Mast	18769418	0.006155288378015784	36	1	8	9	8	3	3.155953531477517e-20	0.040291545258618194	13.98126188088913	0.05605667527340864	15.583582703401724	0.029549046390114634	12.750195259261105	0.05605667527340864	15.583582703401724	0.1537160495209142	23.978027946668615	9.130225437786684
Melanocyte	7682410	0.0025193881338330384	7	1	5	6	4	2	0.002990395083450788	0.27745077999012024	4.533419065706628	0.03333566073463606	1.70894788840378	0.010791325029548236	1.2833591211073438	0.0857033366013329	2.3657601313891763	0.2708482693094968	4.449827981740098	1.6379991977802266
Memory_B	9902762	0.003247535743988244	31	0	6	7	6	1	1.5138672517906923e-23	0.08064624659165001	20.87029596490959	0.028252741229086734	14.732604828676754	0.010099279545807839	11.434485323810877	0.028252741229086734	14.732604828676754	0.2033722726857413	32.99066035190961	10.558958703630367
Mesothelial	25312159	0.008300930700951283	19	8	7	10	10	4	2.719561489479559e-05	0.11712977089793826	4.902116168601087	0.1459536748729562	5.4625307998695805	0.053432901076764586	3.5886908771451047	0.053432901076764586	3.5886908771451047	0.11492523388570351	4.859063355381643	2.5298707543394117
Microglia	8009401	0.0026266223539892393	11	1	5	3	6	2	7.688602173491628e-06	0.26619266221720445	8.897212473928693	0.03780212280412777	3.5952272841705435	0.18362057892181385	6.947834482061001	0.0127594261446192	2.6999454612956777	0.2709476835011491	9.017847524137883	3.5181330041072787
Myoepithelial	3599131	0.0011803077333168415	0	1	3	6	1	1	0.4008781552498701	0.3666582897665105	0.9110684881707636	0.05092410034709738	0.3070101168940855	0.0003196966104421692	0.11357878533528025	0.3666582897665105	0.9110684881707636	0.3666582897665105	0.9110684881707636	0.4375949714702464
Naive_T	10416093	0.003415878754857053	22	2	6	8	7	2	9.778147956256765e-14	0.24869951708070512	21.52772456254664	0.03360586825952127	8.828635239821397	0.004152987706389553	5.462516132470888	0.012637663419606059	6.85324541013014	0.24869951708070512	21.52772456254664	7.166549104886881
Natural_Killer_T	11492173	0.003768771035151265	31	1	6	8	5	1	1.0359129684807184e-21	0.1575207647604205	26.143846108592378	0.04618187510586121	15.712639386660246	0.006952153033423187	9.724669652762579	0.09524822059360051	20.550181590272018	0.1575207647604205	26.143846108592378	10.953453984485881
Nerve_Stromal	10633721	0.0034872482080351335	10	0	4	8	7	1	0.00036985114043551986	0.06694744627581402	2.9226538815353145	0.1489755178902901	4.150483608691757	0.004638518235151627	1.4706644447947677	0.01382527860822866	1.845815547394878	0.18133221868746252	4.628263273517775	1.7074058099284026
Oligo_Precursor	12249412	0.004017101826019703	9	2	4	6	5	3	0.003285006847281979	0.21585817728036757	3.729868204625008	0.1741730095489593	3.271938186090725	0.055924046044208	1.9829614453803501	0.10818387570883639	2.571306056771629	0.22403997228316003	3.8226277314418198	1.7712247253216329
Oligodendrocyte	12269902	0.004023821366224175	11	2	6	10	8	2	0.000287719341355424	0.2154558145961866	5.31174469384438	0.05619574409366488	2.8321528000234637	0.001025365363225575	1.1846394038695909	0.00964831480846659	1.756857193786162	0.2154558145961866	5.31174469384438	1.8532737804699468
Paneth	2726435	0.0008941136943572498	0	0	1	3	2	1	0.5003969642870344	0.5003969642870344	1.0	0.34660662219653754	0.6534320220697012	0.027608630082362237	0.1928761935051263	0.11988575515905835	0.3263946515499813	0.34660662219653754	0.6534320220697012	0.4074269465365561
Parietal	19674030	0.00645194902728118	17	4	5	13	10	3	1.3103710096481954e-05	0.176026852195965	6.4719900742870005	0.17603608261335682	6.4721854418597795	0.0012649257595754486	1.6848569018294148	0.017844455344097596	2.7924592106520008	0.14063145955089768	5.731312753612345	2.609842367278718
Pericyte_General_1	17485713	0.005734307052579867	16	6	6	7	7	4	1.1857818889232135e-05	0.125732436096783	5.469969000512731	0.125732436096783	5.469969000512731	0.07955894217416698	4.480984168630861	0.07955894217416698	4.480984168630861	0.19151135994331225	6.86257692847879	3.0267605496838224
Pericyte_General_2	16224719	0.005320773627465266	15	4	7	8	8	2	1.9336710075353265e-05	0.19553608103549672	6.650389890818278	0.06481284716729063	3.9665598882500173	0.03323978540371877	3.1884490111696575	0.03323978540371877	3.1884490111696575	0.1377694757259213	5.475557730544377	2.5264963806280707
Pericyte_General_3	21617093	0.007089161811484317	21	10	6	11	7	3	2.3563621925871997e-07	0.028033274874827506	4.269565317743684	0.15751395308317426	8.257026402859237	0.013901419427532112	3.5691809692887353	0.1233862738243707	7.293403951564112	0.11375615909357756	7.020743510009014	3.4242753285437146
Pericyte_General_4	6440996	0.002112275821319881	5	2	3	6	4	1	0.01890021355472795	0.2608847630287627	2.953524964502946	0.14210642313445382	2.0339404890749466	0.005127559970974861	0.7526052914951779	0.05797984402899974	1.39362925103403	0.3188821935818115	3.4722771768168683	1.2366747992933567
Pericyte_Muscularis	11422959	0.0037460728284303114	11	3	5	7	6	2	0.00016206057939176504	0.22408918887159415	5.8350440148837714	0.0940477374845773	3.6919266829081168	0.018698163868330654	2.193218571482831	0.04532414409133598	2.8208723250534176	0.23158940609946477	5.966368830851275	2.3218988751914575
Plasma_B	21442718	0.007031976851837912	46	3	7	9	10	3	1.9207850324910375e-27	0.11606641682276278	28.564855248559404	0.1218508693268332	29.2248501436376	0.04986600864244443	20.516522635930354	0.02701520158493523	17.034341451514216	0.11606641682276278	28.564855248559404	13.802247024953106
Satellite	8163905	0.0026772907697897156	6	1	3	6	5	1	0.013761753784757995	0.2608788549701447	3.189599429306642	0.1869838461436312	2.556078917279398	0.013761753784757995	1.0	0.03999805391623393	1.331457767465138	0.2608788549701447	3.189599429306642	1.3075953391302875
Schwann_General	33301569	0.010920997158004084	21	14	8	11	11	7	0.00011188400687416445	0.023005084994397847	2.411970147285162	0.1385721868527748	4.603427510465884	0.0843564655242817	3.679392491773212	0.0843564655242817	3.679392491773212	0.13089992027475353	4.4744742415042005	2.142982435664196
SI_Goblet	18242995	0.0059826519449724044	15	3	6	9	9	4	6.772549850281515e-05	0.16136670852577997	5.262965360240311	0.1338454024888818	4.773602354938336	0.026125077992861543	2.6338594367909844	0.026125077992861543	2.6338594367909844	0.18720097260450097	5.729413497828829	2.3785551797409505
Skin_Basal_Epidermal	1835389	0.0006019019119739361	0	0	1	1	1	0	0.6274995401528024	0.6274995401528024	1.0	0.29251057856360535	0.37910161070616044	0.29251057856360535	0.37910161070616044	0.29251057856360535	0.37910161070616044	0.6274995401528024	1.0	0.5158151231069
Skin_Eccrine_Epidermal	4966347	0.0016286758582654802	2	0	2	3	4	1	0.2254549463905126	0.2831940915113785	1.1807292616151888	0.2254549463905126	1.0	0.09464515222701898	0.6318382700377725	0.02976016407720053	0.42384381729220794	0.3575754626807191	1.448485130663504	0.5991480227760139
Skin_Granular_Epidermal	11458048	0.0037575800000376673	8	4	7	8	5	2	0.006847375748195031	0.16296223443839233	2.747099945663676	0.0189354476995177	1.2564260492149835	0.006847375748195031	1.0	0.09465659920867961	2.114057465885338	0.23094583126312884	3.400644586192746	1.207734811208474
Sm_Ms_Colon_1	34702688	0.011380483514848879	24	13	11	13	14	9	1.000836277657936e-05	0.04598789786004288	3.7384475854144803	0.09311627162114137	4.849428711986455	0.04598789786004288	3.7384475854144803	0.028776085390938084	3.2444775177846314	0.1322514374865378	5.690461238548371	2.3957104812785643
Sm_Ms_Colon_2	22789765	0.007473730706099192	17	10	7	13	9	3	7.319944496619472e-05	0.03536414199534971	2.8492401462123627	0.13268558632532398	4.7145510403460635	0.003908454095406591	1.717400675116903	0.061391218780056545	3.4124214522105167	0.09887548578035668	4.115280547453019	1.9006394007022231
Sm_Ms_GE_junction	28079116	0.0092083332780887	19	12	8	12	13	6	9.780731134391578e-05	0.028579610891881102	2.5970044824691283	0.13322014875833943	4.580181495639482	0.028579610891881102	2.5970044824691283	0.015569211373551392	2.2180420587906124	0.14662363732846626	4.808884458866786	1.9027899540652637
Sm_Ms_General	7994833	0.0026218448888014035	5	2	4	7	5	3	0.03759782501356393	0.27096309268023694	2.512542331688838	0.09287415139787988	1.3805156282613351	0.0036533836210267674	0.5845954609275757	0.03759782501356393	1.0	0.1832961440882716	1.9336957522366816	0.8587522974705747
Sm_Ms_GI	13469909	0.004417354566914659	13	6	6	8	8	2	4.358093956768247e-05	0.07261563755030485	3.828638158489109	0.07261563755030485	3.828638158489109	0.015037256116107107	2.392269193501956	0.015037256116107107	2.392269193501956	0.19138334550753414	6.072592346551807	2.089831171758221
Sm_Ms_Mucosal	4944731	0.001621587054895062	5	2	3	5	4	1	0.0073552590065658905	0.2247250870541302	3.290517704875226	0.09392748408681244	2.0768952945874815	0.0073552590065658905	1.0	0.029405743387492373	1.3929530106097452	0.3579785234871525	4.781879123162511	1.4478791270225542
Sm_Ms_Muscularis_1	53459392	0.017531602432925196	28	25	16	18	19	13	0.00019170096082275472	0.001584551445368329	1.3275897762646816	0.08129915249858428	3.410705590430502	0.04854401852355345	2.829345298927617	0.03446727452969207	2.541633637165505	0.10951565349227854	3.870154707752094	1.5836950121760565
Sm_Ms_Muscularis_2	35590508	0.011671637354982332	20	19	12	13	14	7	0.0006016762907906197	0.0013496321520690233	1.1222574403056038	0.07373564952370679	2.8442754875317853	0.05104105656144517	2.4925981701643503	0.032764745840525224	2.1693734749134688	0.11644687545082241	3.448691629469891	1.3723538366401777
Sm_Ms_Muscularis_3	22366063	0.00733478084647424	20	8	7	11	9	3	1.5074267398644357e-06	0.09176801474157742	5.612373626208623	0.12953932291914536	6.559006792138279	0.016741436339552683	3.277637602777047	0.05771144301615103	4.699753678985729	0.10411442343860813	5.925525052573143	2.931378153155142
Sm_Ms_Uterine	18801424	0.006165784503139471	19	4	4	7	8	4	4.853641555818055e-07	0.18326160735121713	8.56790343385662	0.18326160735121713	8.56790343385662	0.09476624528670785	6.169888080440271	0.05636810674271098	5.0553253734963945	0.18326160735121713	8.56790343385662	4.160731258026486
Sm_Ms_Vaginal	5634548	0.0018478073118608194	9	2	3	5	4	1	1.5998047534183327e-05	0.2449663944028765	7.850686077732419	0.11669774706283181	5.140679704598321	0.011871276258004163	2.490743479705867	0.041640580439405286	3.4740972791341043	0.3423710979340272	10.302691930318852	3.3079421303537595
T_Lymphocyte_1__CD8_positive	32582560	0.010685203605887084	84	12	7	10	10	8	2.0045377619570145e-55	0.054654130576672094	43.32935828756746	0.13489146297683405	62.87012535932373	0.10609194945491153	56.13979202035422	0.10609194945491153	56.13979202035422	0.1396812585177951	63.984590113518216	31.4389349357247
T_lymphocyte_2__CD4_positive	13513446	0.004431632196093873	34	1	5	8	7	2	9.624510423097014e-23	0.11072781013911073	23.036124454690153	0.128347626175188	24.693047445371008	0.015261926081431926	12.121082709721348	0.03576113953900037	15.219683454319082	0.19050168824762082	30.574344596619962	11.779350560084977
Transitional_Cortical	24369010	0.007991632134611229	14	5	8	11	9	3	0.0027488875306501156	0.15572992820946194	3.1708203444563403	0.10976810750813008	2.668868626804971	0.02595284615702008	1.6148434819709607	0.07526318377278658	2.2795116013421617	0.08083820805152973	2.344271444765525	1.374459760536603
Tuft	974327	0.00031952315513922617	0	0	2	1	1	1	0.7808669975474185	0.7808669975474185	1.0	0.023864359229588843	0.06621847251161514	0.19317866223921684	0.15044367893543453	0.19317866223921684	0.15044367893543453	0.19317866223921684	0.15044367893543453	0.23566109502946203
Type_I_Skeletal_Myocyte	57536952	0.0188688073307362	41	24	21	21	20	19	4.8649438390322836e-09	0.006220143268923151	3.7679827896854596	0.024972228072770823	5.187332687652743	0.024972228072770823	5.187332687652743	0.03616495049300997	5.766006974794903	0.04981424498744642	6.381564378812067	2.9362381300248788
Type_II_Skeletal_Myocyte	39055406	0.01280792439331299	32	13	13	19	13	11	1.053730320718132e-08	0.07116001340306001	6.950270848820622	0.07116001340306001	6.950270848820622	0.003308348031163859	3.2161371198664046	0.07116001340306001	6.950270848820622	0.11342973589267848	8.439117435290218	3.640569468038717
V_Cardiomyocyte	79289426	0.02600236631510591	42	29	22	24	23	24	5.525642237276348e-06	0.012802718914576152	2.777842964021286	0.07880027974639343	4.76461214267571	0.057458779936483614	4.237814338932901	0.06878167287353203	4.522575420345882	0.057458779936483614	4.237814338932901	2.3114620797112853
Vasc_Sm_Muscle_1	60020038	0.01968311656490711	28	27	21	20	17	17	0.0009549382171967696	0.001782728969387995	1.0986243951396781	0.03245356986777109	2.028581047057471	0.0450176730388098	2.2426754014635204	0.08804250108574653	2.861748217912277	0.08804250108574653	2.861748217912277	1.260770391618144
Vasc_Sm_Muscle_2	31188005	0.010227869863093153	24	20	11	13	11	7	1.848763761821492e-06	0.00012895508815542964	1.473975550883879	0.06998488621321104	4.963757341912295	0.02785217512102064	3.686558975712725	0.06998488621321104	4.963757341912295	0.14156328252165104	6.752397145143726	2.4610923984037796
